#NOME?,"Sorry, the query is too large to fit into the Excel cell. You will not be able to update your table with the .Stat Populator.",,,,,,,,,,,,,,,
Dataset:Popolazione residente  al 1° gennaio,,,,,,,,,,,,,,,,
Età,,totale,,,,,,,,,,,,,,
Stato civile,,totale,,,,,,,,,,,,,,
Tipo di indicatore demografico,,popolazione al 1º gennaio,,,,,,,,,,,,,,
Seleziona periodo,,2015,,,2016,,,2017,,,2018,,,2019,,
Sesso,,maschi15,femmine15,totale15,maschi16,femmine16,totale16,maschi17,femmine17,totale17,maschi18,femmine18,totale18,maschi19,femmine19,totale19
Veneto,,2402358,2525238,4927596,2396522,2518601,4915123,2394567,2512962,4907529,2395801,2509236,4905037,2399783,2506071,4905854
  Verona,,451585,472079,923664,450945,471438,922383,450834,470723,921557,451519,471302,922821,454113,472384,926497
    Affi,,1125,1194,2319,1143,1193,2336,1141,1200,2341,1134,1199,2333,1145,1217,2362
    Albaredo d'Adige,,2659,2658,5317,2633,2621,5254,2636,2603,5239,2616,2574,5190,2662,2601,5263
    Angiari,,1082,1159,2241,1078,1140,2218,1107,1167,2274,1117,1175,2292,1104,1161,2265
    Arcole,,3039,3177,6216,3028,3163,6191,3069,3186,6255,3067,3179,6246,3123,3222,6345
    Badia Calavena,,1348,1295,2643,1350,1299,2649,1355,1299,2654,1340,1283,2623,1347,1291,2638
    Bardolino,,3419,3618,7037,3397,3652,7049,3421,3665,7086,3446,3701,7147,3463,3715,7178
    Belfiore,,1559,1549,3108,1574,1570,3144,1583,1564,3147,1591,1562,3153,1615,1574,3189
    Bevilacqua,,893,890,1783,885,873,1758,869,844,1713,861,839,1700,851,841,1692
    Bonavigo,,1036,995,2031,1023,987,2010,1040,1000,2040,1033,980,2013,1031,978,2009
    Boschi Sant'Anna,,693,753,1446,678,753,1431,668,732,1400,668,722,1390,681,710,1391
    Bosco Chiesanuova,,1868,1757,3625,1862,1738,3600,1875,1724,3599,1864,1704,3568,1864,1693,3557
    Bovolone,,7840,8027,15867,7862,8026,15888,7861,8013,15874,7978,8100,16078,7958,8100,16058
    Brentino Belluno,,724,697,1421,711,684,1395,711,677,1388,709,669,1378,710,661,1371
    Brenzone sul Garda,,1161,1327,2488,1149,1325,2474,1136,1316,2452,1163,1326,2489,1143,1321,2464
    Bussolengo,,9832,10196,20028,9779,10159,19938,9815,10212,20027,9858,10284,20142,9958,10373,20331
    Buttapietra,,3548,3511,7059,3557,3503,7060,3525,3510,7035,3544,3518,7062,3545,3503,7048
    Caldiero,,3876,3865,7741,3921,3883,7804,3947,3879,7826,3984,3921,7905,3962,3924,7886
    Caprino Veronese,,4047,4291,8338,4068,4303,8371,4078,4316,8394,4079,4320,8399,4142,4325,8467
    Casaleone,,2944,2946,5890,2881,2925,5806,2854,2912,5766,2802,2846,5648,2802,2839,5641
    Castagnaro,,1850,1920,3770,1828,1922,3750,1862,1917,3779,1849,1900,3749,1822,1865,3687
    Castel d'Azzano,,5819,5994,11813,5775,5992,11767,5809,5995,11804,5853,5994,11847,5879,6031,11910
    Castelnuovo del Garda,,6393,6625,13018,6481,6733,13214,6541,6743,13284,6451,6686,13137,6535,6731,13266
    Cavaion Veronese,,2820,2963,5783,2863,2986,5849,2892,3018,5910,2905,3019,5924,2952,3069,6021
    Cazzano di Tramigna,,765,787,1552,754,779,1533,730,783,1513,732,780,1512,733,761,1494
    Cerea,,8090,8366,16456,8168,8361,16529,8175,8426,16601,8146,8371,16517,8189,8413,16602
    Cerro Veronese,,1246,1238,2484,1236,1235,2471,1227,1234,2461,1234,1229,2463,1253,1232,2485
    Cologna Veneta,,4307,4392,8699,4278,4368,8646,4262,4343,8605,4181,4287,8468,4228,4286,8514
    Colognola ai Colli,,4295,4287,8582,4319,4308,8627,4329,4302,8631,4346,4353,8699,4391,4417,8808
    Concamarise,,558,524,1082,557,520,1077,556,529,1085,552,527,1079,555,531,1086
    Costermano sul Garda,,1848,1882,3730,1855,1883,3738,1864,1869,3733,1870,1879,3749,1894,1899,3793
    Dolcè,,1338,1286,2624,1334,1291,2625,1301,1286,2587,1298,1277,2575,1301,1308,2609
    Erbè,,916,916,1832,921,926,1847,951,937,1888,964,959,1923,963,957,1920
    Erbezzo,,389,370,759,377,363,740,369,351,720,371,351,722,405,352,757
    Ferrara di Monte Baldo,,122,109,231,118,108,226,119,109,228,162,111,273,155,120,275
    Fumane,,2096,2052,4148,2083,2036,4119,2056,2036,4092,2075,2050,4125,2103,2039,4142
    Garda,,1997,2065,4062,2010,2082,4092,2017,2088,4105,2013,2104,4117,2023,2093,4116
    Gazzo Veronese,,2673,2739,5412,2650,2752,5402,2614,2745,5359,2610,2737,5347,2603,2711,5314
    Grezzana,,5451,5380,10831,5425,5363,10788,5462,5340,10802,5445,5360,10805,5567,5365,10932
    Illasi,,2688,2643,5331,2665,2600,5265,2650,2603,5253,2645,2598,5243,2640,2598,5238
    Isola della Scala,,5680,5895,11575,5679,5857,11536,5754,5818,11572,5770,5775,11545,5801,5748,11549
    Isola Rizza,,1649,1637,3286,1631,1635,3266,1623,1639,3262,1622,1600,3222,1620,1622,3242
    Lavagno,,4205,4226,8431,4220,4215,8435,4201,4224,8425,4203,4207,8410,4246,4249,8495
    Lazise,,3448,3505,6953,3405,3496,6901,3408,3508,6916,3434,3524,6958,3488,3554,7042
    Legnago,,12172,13172,25344,12186,13165,25351,12156,13109,25265,12154,13105,25259,12252,13128,25380
    Malcesine,,1788,1940,3728,1791,1945,3736,1781,1923,3704,1772,1913,3685,1766,1921,3687
    Marano di Valpolicella,,1559,1578,3137,1579,1596,3175,1560,1585,3145,1559,1586,3145,1579,1599,3178
    Mezzane di Sotto,,1202,1323,2525,1203,1316,2519,1185,1298,2483,1199,1299,2498,1217,1292,2509
    Minerbe,,2292,2379,4671,2255,2364,4619,2262,2364,4626,2248,2325,4573,2276,2341,4617
    Montecchia di Crosara,,2254,2125,4379,2239,2131,4370,2220,2127,4347,2219,2106,4325,2229,2079,4308
    Monteforte d'Alpone,,4489,4356,8845,4519,4372,8891,4559,4380,8939,4553,4364,8917,4597,4391,8988
    Mozzecane,,3847,3656,7503,3858,3648,7506,3871,3675,7546,3933,3723,7656,4016,3828,7844
    Negrar,,8473,8653,17126,8490,8629,17119,8482,8623,17105,8462,8631,17093,8485,8611,17096
    Nogara,,4237,4430,8667,4191,4395,8586,4168,4325,8493,4157,4300,8457,4196,4289,8485
    Nogarole Rocca,,1940,1750,3690,1933,1744,3677,1904,1733,3637,1908,1730,3638,1944,1772,3716
    Oppeano,,4912,4901,9813,4979,4921,9900,5022,4950,9972,5046,4971,10017,5099,4998,10097
    Palù,,640,618,1258,640,622,1262,625,626,1251,615,621,1236,621,623,1244
    Pastrengo,,1509,1551,3060,1525,1567,3092,1537,1575,3112,1523,1569,3092,1515,1542,3057
    Pescantina,,8473,8567,17040,8491,8637,17128,8476,8657,17133,8516,8720,17236,8569,8739,17308
    Peschiera del Garda,,4892,5360,10252,4986,5368,10354,5048,5417,10465,5083,5500,10583,5162,5543,10705
    Povegliano Veronese,,3509,3618,7127,3515,3598,7113,3543,3637,7180,3570,3663,7233,3614,3703,7317
    Pressana,,1295,1233,2528,1305,1207,2512,1314,1214,2528,1311,1224,2535,1297,1226,2523
    Rivoli Veronese,,1080,1101,2181,1085,1095,2180,1084,1098,2182,1099,1111,2210,1090,1106,2196
    Roncà,,1918,1889,3807,1890,1917,3807,1899,1935,3834,1905,1928,3833,1900,1909,3809
    Ronco all'Adige,,3064,3025,6089,3049,2980,6029,3028,2980,6008,3039,2962,6001,3048,2971,6019
    Roverchiara,,1432,1324,2756,1427,1344,2771,1411,1339,2750,1369,1326,2695,1375,1297,2672
    Roverè Veronese,,1092,1051,2143,1078,1037,2115,1082,1033,2115,1061,1032,2093,1062,1037,2099
    Roveredo di Guà,,760,806,1566,771,802,1573,775,800,1575,787,810,1597,794,807,1601
    Salizzole,,1906,1856,3762,1916,1863,3779,1925,1847,3772,1943,1861,3804,1927,1865,3792
    San Bonifacio,,10574,10652,21226,10593,10691,21284,10548,10710,21258,10631,10766,21397,10636,10766,21402
    San Giovanni Ilarione,,2625,2509,5134,2620,2493,5113,2625,2490,5115,2602,2483,5085,2594,2480,5074
    San Giovanni Lupatoto,,12151,12840,24991,12172,12894,25066,12260,12945,25205,12341,12996,25337,12412,13020,25432
    San Martino Buon Albergo,,7296,7533,14829,7324,7616,14940,7421,7727,15148,7597,7885,15482,7714,7920,15634
    San Mauro di Saline,,303,274,577,312,270,582,300,263,563,296,272,568,293,264,557
    San Pietro di Morubio,,1535,1516,3051,1516,1492,3008,1524,1484,3008,1514,1465,2979,1526,1449,2975
    San Pietro in Cariano,,6283,6688,12971,6201,6696,12897,6200,6651,12851,6222,6684,12906,6212,6724,12936
    San Zeno di Montagna,,709,647,1356,700,655,1355,708,654,1362,713,662,1375,717,675,1392
    Sanguinetto,,2030,2091,4121,2025,2076,4101,2012,2055,4067,1983,2028,4011,2056,2041,4097
    Sant'Ambrogio di Valpolicella,,5743,6013,11756,5732,6005,11737,5764,5994,11758,5805,6013,11818,5833,6043,11876
    Sant'Anna d'Alfaedo,,1323,1250,2573,1320,1233,2553,1317,1221,2538,1312,1223,2535,1316,1217,2533
    Selva di Progno,,489,442,931,495,438,933,487,424,911,479,420,899,471,419,890
    Soave,,3456,3655,7111,3448,3668,7116,3479,3667,7146,3464,3644,7108,3460,3664,7124
    Sommacampagna,,7407,7439,14846,7416,7405,14821,7365,7381,14746,7395,7407,14802,7383,7406,14789
    Sona,,8814,8873,17687,8792,8891,17683,8762,8868,17630,8779,8915,17694,8809,8967,17776
    Sorgà,,1530,1540,3070,1523,1519,3042,1495,1505,3000,1507,1512,3019,1518,1511,3029
    Terrazzo,,1102,1147,2249,1097,1145,2242,1085,1134,2219,1074,1127,2201,1064,1124,2188
    Torri del Benaco,,1480,1546,3026,1476,1547,3023,1476,1549,3025,1488,1552,3040,1490,1564,3054
    Tregnago,,2426,2504,4930,2434,2504,4938,2453,2513,4966,2435,2483,4918,2415,2475,4890
    Trevenzuolo,,1400,1361,2761,1398,1355,2753,1400,1354,2754,1400,1352,2752,1431,1349,2780
    Valeggio sul Mincio,,7427,7496,14923,7482,7616,15098,7603,7705,15308,7657,7767,15424,7696,7868,15564
    Velo Veronese,,418,359,777,414,356,770,407,352,759,404,344,748,408,356,764
    Verona,,122984,137141,260125,122326,136439,258765,121735,135618,257353,121660,135615,257275,122292,135701,257993
    Veronella,,2508,2458,4966,2573,2486,5059,2581,2496,5077,2584,2532,5116,2590,2530,5120
    Vestenanova,,1331,1276,2607,1327,1281,2608,1322,1264,2586,1313,1256,2569,1294,1253,2547
    Vigasio,,4990,4965,9955,5018,4955,9973,5015,4961,9976,5093,5041,10134,5152,5095,10247
    Villa Bartolomea,,2893,3008,5901,2856,2985,5841,2853,2984,5837,2876,3004,5880,2855,2983,5838
    Villafranca di Verona,,16348,16898,33246,16314,16880,33194,16301,16884,33185,16288,16944,33232,16393,16974,33367
    Zevio,,7457,7526,14983,7445,7508,14953,7493,7525,15018,7523,7525,15048,7543,7507,15050
    Zimella,,2482,2464,4946,2484,2468,4952,2463,2433,4896,2468,2425,4893,2458,2422,4880
  Vicenza,,427609,442109,869718,426324,440990,867314,425318,439764,865082,424704,438500,863204,424877,437541,862418
    Agugliaro,,728,686,1414,720,684,1404,736,696,1432,721,682,1403,723,685,1408
    Albettone,,1051,1028,2079,1052,1029,2081,1044,1017,2061,1033,1018,2051,1026,1001,2027
    Alonte,,838,827,1665,830,836,1666,835,819,1654,816,794,1610,817,797,1614
    Altavilla Vicentina,,5990,6094,12084,5972,6084,12056,5952,6052,12004,5978,6035,12013,5971,6050,12021
    Altissimo,,1154,1098,2252,1143,1087,2230,1149,1090,2239,1147,1080,2227,1152,1072,2224
    Arcugnano,,3891,3932,7823,3900,3920,7820,3896,3946,7842,3911,3942,7853,3926,3922,7848
    Arsiero,,1624,1610,3234,1610,1582,3192,1583,1547,3130,1594,1553,3147,1577,1536,3113
    Arzignano,,13092,12834,25926,13014,12830,25844,12889,12721,25610,12897,12708,25605,12912,12657,25569
    Asiago,,3073,3389,6462,3055,3371,6426,3066,3363,6429,3076,3365,6441,3089,3364,6453
    Asigliano Veneto,,436,430,866,423,425,848,433,430,863,440,422,862,437,426,863
    Barbarano Vicentino,,2245,2349,4594,2248,2346,4594,2276,2341,4617,2281,2332,4613,..,..,..
    Bassano del Grappa,,20583,22780,43363,20610,22762,43372,20631,22764,43395,20677,22804,43481,20674,22738,43412
    Bolzano Vicentino,,3277,3270,6547,3257,3285,6542,3260,3288,6548,3238,3242,6480,3235,3237,6472
    Breganze,,4236,4488,8724,4198,4479,8677,4221,4440,8661,4165,4421,8586,4195,4415,8610
    Brendola,,3298,3418,6716,3252,3414,6666,3255,3389,6644,3250,3374,6624,3285,3358,6643
    Bressanvido,,1573,1609,3182,1558,1596,3154,1572,1595,3167,1585,1579,3164,1589,1583,3172
    Brogliano,,2017,1929,3946,2020,1942,3962,2032,1956,3988,2030,1972,4002,2021,1961,3982
    Caldogno,,5506,5821,11327,5491,5810,11301,5491,5783,11274,5493,5779,11272,5464,5806,11270
    Caltrano,,1254,1316,2570,1244,1308,2552,1243,1294,2537,1233,1284,2517,1227,1282,2509
    Calvene,,650,667,1317,643,671,1314,658,667,1325,656,661,1317,653,661,1314
    Camisano Vicentino,,5463,5605,11068,5468,5647,11115,5517,5667,11184,5548,5700,11248,5499,5672,11171
    Campiglia dei Berici,,861,878,1739,847,869,1716,846,852,1698,837,861,1698,831,854,1685
    Campolongo sul Brenta,,413,406,819,415,403,818,412,403,815,409,396,805,417,389,806
    Carrè,,1796,1818,3614,1810,1857,3667,1798,1849,3647,1776,1812,3588,1801,1809,3610
    Cartigliano,,1859,1950,3809,1853,1947,3800,1847,1933,3780,1845,1943,3788,1847,1941,3788
    Cassola,,7263,7429,14692,7234,7385,14619,7272,7463,14735,7275,7496,14771,7301,7535,14836
    Castegnero,,1483,1470,2953,1478,1461,2939,1480,1448,2928,1477,1428,2905,1468,1437,2905
    Castelgomberto,,3116,3053,6169,3079,3030,6109,3093,3037,6130,3107,3081,6188,3122,3076,6198
    Chiampo,,6669,6322,12991,6692,6334,13026,6604,6287,12891,6603,6276,12879,6583,6234,12817
    Chiuppano,,1284,1334,2618,1269,1329,2598,1248,1300,2548,1253,1279,2532,1241,1253,2494
    Cismon del Grappa,,464,474,938,451,455,906,452,459,911,458,467,925,452,454,906
    Cogollo del Cengio,,1634,1660,3294,1620,1634,3254,1609,1622,3231,1620,1635,3255,1602,1612,3214
    Conco,,1094,1080,2174,1083,1075,2158,1079,1064,2143,1076,1052,2128,1072,1035,2107
    Cornedo Vicentino,,6104,5975,12079,6106,5974,12080,6074,5938,12012,6045,5937,11982,6038,5958,11996
    Costabissara,,3680,3725,7405,3688,3748,7436,3750,3816,7566,3798,3860,7658,3807,3874,7681
    Creazzo,,5511,5770,11281,5527,5804,11331,5538,5812,11350,5529,5844,11373,5522,5840,11362
    Crespadoro,,728,645,1373,708,622,1330,702,615,1317,709,613,1322,711,605,1316
    Dueville,,6851,7132,13983,6835,7104,13939,6763,7090,13853,6741,7063,13804,6787,7073,13860
    Enego,,847,870,1717,847,852,1699,834,842,1676,823,822,1645,818,796,1614
    Fara Vicentino,,1932,1956,3888,1923,1929,3852,1900,1921,3821,1888,1891,3779,1877,1900,3777
    Foza,,367,335,702,364,331,695,369,332,701,368,325,693,369,321,690
    Gallio,,1157,1223,2380,1170,1226,2396,1176,1214,2390,1179,1210,2389,1164,1204,2368
    Gambellara,,1710,1709,3419,1694,1704,3398,1696,1708,3404,1713,1719,3432,1693,1721,3414
    Gambugliano,,445,395,840,453,393,846,451,389,840,451,386,837,441,389,830
    Grancona,,963,913,1876,954,908,1862,973,910,1883,..,..,..,..,..,..
    Grisignano di Zocco,,2144,2134,4278,2142,2133,4275,2144,2142,4286,2146,2147,4293,2142,2132,4274
    Grumolo delle Abbadesse,,1920,1881,3801,1894,1866,3760,1884,1858,3742,1884,1864,3748,1901,1866,3767
    Isola Vicentina,,4969,5172,10141,4981,5233,10214,5009,5208,10217,5021,5221,10242,5027,5215,10242
    Laghi,,63,62,125,63,70,133,63,67,130,63,67,130,60,71,131
    Lastebasse,,102,113,215,99,109,208,100,101,201,98,100,198,96,97,193
    Longare,,2845,2837,5682,2841,2847,5688,2864,2867,5731,2857,2827,5684,2816,2793,5609
    Lonigo,,8185,8124,16309,8222,8169,16391,8258,8227,16485,8259,8207,16466,8286,8225,16511
    Lugo di Vicenza,,1850,1866,3716,1845,1846,3691,1796,1845,3641,1807,1845,3652,1810,1826,3636
    Lusiana,,1338,1353,2691,1324,1336,2660,1306,1313,2619,1291,1290,2581,1285,1278,2563
    Malo,,7496,7525,15021,7473,7478,14951,7456,7459,14915,7426,7429,14855,7455,7461,14916
    Marano Vicentino,,4794,4828,9622,4743,4772,9515,4782,4810,9592,4772,4757,9529,4769,4744,9513
    Marostica,,6905,7036,13941,6921,7068,13989,6939,7069,14008,6957,7082,14039,6957,7081,14038
    Mason Vicentino,,1691,1841,3532,1681,1822,3503,1688,1805,3493,1690,1811,3501,1682,1795,3477
    Molvena,,1274,1315,2589,1267,1309,2576,1263,1307,2570,1260,1300,2560,1271,1299,2570
    Monte di Malo,,1457,1450,2907,1440,1445,2885,1427,1440,2867,1415,1423,2838,1409,1416,2825
    Montebello Vicentino,,3297,3304,6601,3290,3281,6571,3283,3268,6551,3289,3253,6542,3272,3240,6512
    Montecchio Maggiore,,11902,11753,23655,11942,11722,23664,11852,11674,23526,11768,11548,23316,11889,11570,23459
    Montecchio Precalcino,,2499,2520,5019,2520,2518,5038,2517,2529,5046,2510,2538,5048,2501,2542,5043
    Montegalda,,1675,1708,3383,1674,1717,3391,1691,1737,3428,1697,1734,3431,1699,1734,3433
    Montegaldella,,902,907,1809,901,905,1806,895,889,1784,891,883,1774,908,881,1789
    Monteviale,,1386,1367,2753,1401,1388,2789,1415,1391,2806,1418,1393,2811,1428,1407,2835
    Monticello Conte Otto,,4484,4674,9158,4454,4644,9098,4447,4600,9047,4416,4610,9026,4440,4580,9020
    Montorso Vicentino,,1630,1579,3209,1604,1549,3153,1597,1546,3143,1589,1518,3107,1572,1507,3079
    Mossano,,855,929,1784,850,938,1788,866,955,1821,858,932,1790,..,..,..
    Mussolente,,3859,3787,7646,3864,3794,7658,3851,3779,7630,3839,3793,7632,3838,3771,7609
    Nanto,,1584,1506,3090,1582,1504,3086,1579,1519,3098,1578,1513,3091,1594,1514,3108
    Nogarole Vicentino,,588,563,1151,592,580,1172,601,584,1185,609,597,1206,613,598,1211
    Nove,,2504,2565,5069,2476,2562,5038,2452,2547,4999,2437,2529,4966,2426,2523,4949
    Noventa Vicentina,,4469,4527,8996,4421,4526,8947,4381,4491,8872,4420,4480,8900,4461,4494,8955
    Orgiano,,1534,1552,3086,1519,1538,3057,1495,1519,3014,1520,1522,3042,1520,1535,3055
    Pedemonte,,367,412,779,364,410,774,355,396,751,351,389,740,344,394,738
    Pianezze,,1041,1114,2155,1044,1100,2144,1056,1117,2173,1047,1115,2162,1041,1110,2151
    Piovene Rocchette,,4092,4242,8334,4101,4245,8346,4079,4264,8343,4093,4251,8344,4077,4242,8319
    Pojana Maggiore,,2184,2184,4368,2172,2164,4336,2175,2157,4332,2173,2175,4348,2164,2152,4316
    Posina,,284,292,576,282,284,566,276,279,555,272,285,557,283,276,559
    Pove del Grappa,,1519,1573,3092,1515,1568,3083,1518,1575,3093,1540,1596,3136,1528,1620,3148
    Pozzoleone,,1443,1356,2799,1439,1336,2775,1442,1342,2784,1444,1336,2780,1456,1337,2793
    Quinto Vicentino,,2879,2936,5815,2867,2925,5792,2870,2947,5817,2879,2936,5815,2875,2926,5801
    Recoaro Terme,,3187,3290,6477,3160,3293,6453,3115,3239,6354,3098,3208,6306,3083,3185,6268
    Roana,,2194,2149,4343,2182,2139,4321,2177,2122,4299,2166,2110,4276,2134,2087,4221
    Romano d'Ezzelino,,7179,7313,14492,7171,7307,14478,7148,7259,14407,7039,7189,14228,7077,7213,14290
    Rosà,,7085,7397,14482,7054,7363,14417,7083,7361,14444,7149,7350,14499,7159,7401,14560
    Rossano Veneto,,4035,4040,8075,4034,4057,8091,4026,4070,8096,4007,4071,8078,4009,4074,8083
    Rotzo,,316,342,658,322,344,666,320,338,658,319,340,659,317,337,654
    Salcedo,,518,510,1028,519,509,1028,520,518,1038,525,513,1038,520,514,1034
    San Germano dei Berici,,597,590,1187,591,587,1178,586,574,1160,..,..,..,..,..,..
    San Nazario,,892,813,1705,888,808,1696,884,807,1691,869,796,1665,858,786,1644
    San Pietro Mussolino,,839,800,1639,834,791,1625,830,783,1613,818,785,1603,803,786,1589
    San Vito di Leguzzano,,1792,1822,3614,1774,1834,3608,1763,1842,3605,1715,1826,3541,1750,1840,3590
    Sandrigo,,4187,4309,8496,4155,4298,8453,4138,4294,8432,4160,4297,8457,4157,4301,8458
    Santorso,,2916,2943,5859,2885,2884,5769,2863,2901,5764,2840,2871,5711,2846,2888,5734
    Sarcedo,,2587,2691,5278,2602,2669,5271,2603,2669,5272,2612,2662,5274,2614,2664,5278
    Sarego,,3439,3379,6818,3443,3351,6794,3441,3303,6744,3431,3304,6735,3449,3291,6740
    Schiavon,,1301,1322,2623,1308,1319,2627,1308,1317,2625,1311,1318,2629,1320,1295,2615
    Schio,,19135,20308,39443,19154,20201,39355,19029,20190,39219,19019,20063,39082,19135,20027,39162
    Solagna,,936,1001,1937,931,970,1901,926,963,1889,917,958,1875,930,966,1896
    Sossano,,2223,2204,4427,2211,2192,4403,2199,2151,4350,2177,2119,4296,2172,2121,4293
    Sovizzo,,3655,3733,7388,3712,3788,7500,3765,3817,7582,3777,3870,7647,3785,3866,7651
    Tezze sul Brenta,,6419,6400,12819,6416,6411,12827,6431,6409,12840,6398,6419,12817,6407,6440,12847
    Thiene,,11842,12487,24329,11861,12502,24363,11794,12486,24280,11767,12542,24309,11822,12612,24434
    Tonezza del Cimone,,270,266,536,264,257,521,265,260,525,262,256,518,267,257,524
    Torrebelvicino,,2959,3015,5974,2922,2995,5917,2922,2945,5867,2923,2926,5849,2944,2940,5884
    Torri di Quartesolo,,5889,5996,11885,5855,5954,11809,5799,5886,11685,5802,5882,11684,5801,5910,11711
    Trissino,,4409,4361,8770,4409,4375,8784,4410,4375,8785,4369,4340,8709,4374,4375,8749
    Val Liona,,..,..,..,..,..,..,..,..,..,1567,1481,3048,1589,1494,3083
    Valdagno,,12667,13788,26455,12589,13645,26234,12519,13561,26080,12526,13490,26016,12585,13463,26048
    Valdastico,,621,691,1312,615,682,1297,604,677,1281,607,667,1274,612,654,1266
    Valli del Pasubio,,1657,1601,3258,1644,1598,3242,1613,1578,3191,1612,1557,3169,1580,1534,3114
    Valstagna,,907,922,1829,902,914,1816,911,916,1827,896,895,1791,886,859,1745
    Velo d'Astico,,1197,1229,2426,1184,1219,2403,1194,1212,2406,1173,1195,2368,1144,1187,2331
    Vicenza,,53749,59850,113599,53356,59597,112953,52998,59200,112198,52800,58820,111620,52561,58229,110790
    Villaga,,964,964,1928,963,951,1914,957,954,1911,945,960,1905,944,971,1915
    Villaverla,,3117,3044,6161,3093,3034,6127,3123,3038,6161,3098,3040,6138,3095,3041,6136
    Zanè,,3286,3391,6677,3272,3381,6653,3260,3372,6632,3273,3388,6661,3261,3374,6635
    Zermeghedo,,711,681,1392,720,691,1411,722,684,1406,710,683,1393,707,674,1381
    Zovencedo,,408,376,784,405,368,773,397,366,763,400,363,763,410,361,771
    Zugliano,,3304,3502,6806,3306,3529,6835,3298,3535,6833,3294,3507,6801,3289,3464,6753
  Belluno,,100307,107587,207894,99984,106872,206856,99604,106177,205781,99377,105523,204900,98519,104431,202950
    Agordo,,1946,2219,4165,1923,2201,4124,1926,2185,4111,1925,2164,4089,1938,2179,4117
    Alano di Piave,,1410,1451,2861,1383,1444,2827,1338,1422,2760,1364,1423,2787,1352,1416,2768
    Alleghe,,586,651,1237,583,641,1224,577,624,1201,574,620,1194,574,618,1192
    Alpago,,..,..,..,..,..,..,3421,3505,6926,3401,3477,6878,3394,3458,6852
    Arsiè,,1153,1227,2380,1153,1215,2368,1138,1190,2328,1107,1168,2275,1098,1152,2250
    Auronzo di Cadore,,1628,1760,3388,1610,1740,3350,1591,1724,3315,1592,1710,3302,1584,1695,3279
    Belluno,,16858,18845,35703,16965,18905,35870,17001,18875,35876,16977,18733,35710,17040,18793,35833
    Borca di Cadore,,367,401,768,375,406,781,392,423,815,397,412,809,387,406,793
    Calalzo di Cadore,,1005,1108,2113,998,1087,2085,974,1050,2024,959,1041,2000,955,1013,1968
    Canale d'Agordo,,552,595,1147,543,588,1131,530,585,1115,529,588,1117,530,585,1115
    Cencenighe Agordino,,633,694,1327,618,693,1311,625,682,1307,610,671,1281,613,659,1272
    Cesiomaggiore,,2002,2053,4055,1995,2034,4029,1979,2009,3988,1988,2003,3991,1975,1983,3958
    Chies d'Alpago,,688,709,1397,675,702,1377,672,692,1364,651,677,1328,653,660,1313
    Cibiana di Cadore,,195,213,408,187,206,393,192,213,405,187,207,394,178,203,381
    Colle Santa Lucia,,193,178,371,187,173,360,188,178,366,182,175,357,183,177,360
    Comelico Superiore,,1096,1168,2264,1093,1145,2238,1081,1118,2199,1063,1094,2157,1056,1095,2151
    Cortina d'Ampezzo,,2735,3185,5920,2737,3170,5907,2718,3134,5852,2703,3139,5842,2700,3120,5820
    Danta di Cadore,,252,237,489,237,226,463,234,221,455,226,220,446,224,220,444
    Domegge di Cadore,,1209,1279,2488,1176,1265,2441,1167,1263,2430,1150,1242,2392,1117,1220,2337
    Falcade,,948,1051,1999,932,1019,1951,927,999,1926,911,990,1901,897,969,1866
    Farra d'Alpago,,1321,1340,2661,1308,1331,2639,..,..,..,..,..,..,..,..,..
    Feltre,,9883,10769,20652,9904,10745,20649,9911,10735,20646,9899,10709,20608,9881,10679,20560
    Fonzaso,,1589,1661,3250,1593,1635,3228,1607,1605,3212,1604,1582,3186,1587,1576,3163
    Forno di Zoldo,,1169,1201,2370,1150,1180,2330,..,..,..,..,..,..,..,..,..
    Gosaldo,,322,345,667,319,325,644,310,315,625,307,297,604,305,277,582
    La Valle Agordina,,551,567,1118,550,558,1108,536,553,1089,535,546,1081,532,538,1070
    Lamon,,1426,1474,2900,1418,1469,2887,1393,1449,2842,1373,1440,2813,1373,1435,2808
    Lentiai,,1459,1555,3014,1464,1553,3017,1444,1525,2969,1451,1508,2959,1451,1486,2937
    Limana,,2544,2638,5182,2556,2653,5209,2583,2645,5228,2638,2697,5335,2621,2687,5308
    Livinallongo del Col di Lana,,633,706,1339,625,689,1314,620,681,1301,617,683,1300,609,683,1292
    Longarone,,2588,2792,5380,2582,2777,5359,2560,2741,5301,2530,2724,5254,2509,2692,5201
    Lorenzago di Cadore,,274,280,554,271,278,549,275,283,558,273,281,554,277,281,558
    Lozzo di Cadore,,671,761,1432,646,737,1383,635,707,1342,633,702,1335,643,697,1340
    Mel,,2976,3084,6060,2939,3045,5984,2937,3031,5968,2947,3021,5968,2924,3008,5932
    Ospitale di Cadore,,146,149,295,144,148,292,144,142,286,144,137,281,142,131,273
    Pedavena,,2190,2297,4487,2170,2283,4453,2156,2278,4434,2149,2296,4445,2133,2263,4396
    Perarolo di Cadore,,191,189,380,187,193,380,186,188,374,186,186,372,176,176,352
    Pieve d'Alpago,,928,960,1888,922,950,1872,..,..,..,..,..,..,..,..,..
    Pieve di Cadore,,1834,1998,3832,1827,1967,3794,1823,1973,3796,1832,1956,3788,1801,1952,3753
    Ponte nelle Alpi,,4117,4300,8417,4103,4260,8363,4097,4243,8340,4061,4189,8250,4043,4189,8232
    Puos d'Alpago,,1261,1261,2522,1248,1235,2483,..,..,..,..,..,..,..,..,..
    Quero Vas,,1618,1634,3252,1614,1623,3237,1605,1616,3221,1587,1579,3166,1581,1562,3143
    Rivamonte Agordino,,333,319,652,323,311,634,324,307,631,326,310,636,314,298,612
    Rocca Pietore,,634,658,1292,624,632,1256,610,618,1228,594,609,1203,587,616,1203
    San Gregorio nelle Alpi,,780,822,1602,790,823,1613,769,802,1571,797,806,1603,792,805,1597
    San Nicolò di Comelico,,202,196,398,206,200,406,194,201,395,191,199,390,192,196,388
    San Pietro di Cadore,,801,824,1625,805,819,1624,805,812,1617,799,802,1601,802,805,1607
    San Tomaso Agordino,,331,336,667,323,321,644,316,320,636,313,313,626,304,306,610
    San Vito di Cadore,,891,971,1862,890,967,1857,897,984,1881,899,966,1865,920,974,1894
    Santa Giustina,,3277,3540,6817,3281,3526,6807,3267,3506,6773,3284,3496,6780,3295,3491,6786
    Santo Stefano di Cadore,,1280,1345,2625,1278,1331,2609,1261,1286,2547,1238,1273,2511,1224,1278,2502
    Sappada,,650,674,1324,651,666,1317,644,675,1319,642,673,1315,..,..,..
    Sedico,,4857,5161,10018,4866,5131,9997,4897,5166,10063,4929,5190,10119,4962,5236,10198
    Selva di Cadore,,247,273,520,246,274,520,242,271,513,242,266,508,244,262,506
    Seren del Grappa,,1252,1239,2491,1224,1224,2448,1233,1220,2453,1234,1214,2448,1231,1212,2443
    Sospirolo,,1554,1596,3150,1559,1581,3140,1546,1573,3119,1553,1563,3116,1551,1584,3135
    Soverzene,,193,210,403,186,203,389,185,201,386,183,197,380,181,194,375
    Sovramonte,,695,758,1453,689,755,1444,690,741,1431,691,734,1425,684,716,1400
    Taibon Agordino,,853,917,1770,850,909,1759,849,893,1742,856,893,1749,853,892,1745
    Tambre,,681,705,1386,676,695,1371,670,688,1358,681,685,1366,660,666,1326
    Trichiana,,2348,2521,4869,2349,2519,4868,2345,2502,4847,2343,2477,4820,2377,2453,4830
    Val di Zoldo,,..,..,..,..,..,..,1575,1610,3185,1563,1614,3177,1554,1602,3156
    Vallada Agordina,,235,265,500,232,257,489,239,258,497,234,255,489,234,251,485
    Valle di Cadore,,944,1057,2001,932,1032,1964,913,1001,1914,899,986,1885,896,972,1868
    Vigo di Cadore,,692,767,1459,685,755,1440,683,749,1432,676,733,1409,678,720,1398
    Vodo Cadore,,424,437,861,418,435,853,419,441,860,420,438,858,417,437,854
    Voltago Agordino,,434,442,876,424,438,862,425,434,859,421,433,854,426,425,851
    Zoldo Alto,,458,457,915,453,459,912,..,..,..,..,..,..,..,..,..
    Zoppè di Cadore,,114,112,226,114,115,229,113,116,229,107,111,218,105,107,212
  Treviso,,434261,453032,887293,433537,451910,885447,434507,451465,885972,435964,451456,887420,436607,451199,887806
    Altivole,,3386,3474,6860,3415,3496,6911,3412,3507,6919,3438,3521,6959,3453,3522,6975
    Arcade,,2198,2273,4471,2212,2258,4470,2230,2274,4504,2270,2280,4550,2268,2264,4532
    Asolo,,4544,4572,9116,4549,4579,9128,4513,4555,9068,4524,4565,9089,4533,4575,9108
    Borso del Grappa,,2999,2974,5973,2974,2950,5924,2977,2955,5932,2987,2968,5955,2978,2973,5951
    Breda di Piave,,3948,3893,7841,3958,3893,7851,3975,3888,7863,3945,3890,7835,3912,3896,7808
    Caerano di San Marco,,3948,4071,8019,3950,4067,8017,3943,4093,8036,3912,4088,8000,3904,4048,7952
    Cappella Maggiore,,2316,2394,4710,2311,2399,4710,2328,2372,4700,2308,2384,4692,2338,2411,4749
    Carbonera,,5456,5723,11179,5446,5744,11190,5471,5735,11206,5464,5719,11183,5509,5747,11256
    Casale sul Sile,,6370,6562,12932,6402,6616,13018,6386,6609,12995,6391,6641,13032,6429,6651,13080
    Casier,,5579,5725,11304,5599,5742,11341,5581,5737,11318,5622,5790,11412,5574,5727,11301
    Castelcucco,,1134,1093,2227,1133,1082,2215,1133,1095,2228,1147,1111,2258,1159,1129,2288
    Castelfranco Veneto,,16078,17180,33258,16117,17117,33234,16145,17224,33369,16204,17231,33435,16241,17266,33507
    Castello di Godego,,3571,3646,7217,3548,3629,7177,3506,3575,7081,3580,3610,7190,3588,3610,7198
    Cavaso del Tomba,,1477,1512,2989,1446,1514,2960,1416,1521,2937,1410,1504,2914,1402,1483,2885
    Cessalto,,1933,1972,3905,1906,1943,3849,1888,1933,3821,1904,1950,3854,1900,1961,3861
    Chiarano,,1872,1815,3687,1891,1840,3731,1893,1842,3735,1886,1837,3723,1880,1820,3700
    Cimadolmo,,1715,1726,3441,1688,1705,3393,1678,1698,3376,1695,1725,3420,1695,1714,3409
    Cison di Valmarino,,1327,1373,2700,1305,1342,2647,1286,1332,2618,1297,1335,2632,1298,1334,2632
    Codognè,,2705,2615,5320,2713,2630,5343,2701,2615,5316,2702,2637,5339,2700,2627,5327
    Colle Umberto,,2548,2642,5190,2494,2617,5111,2475,2604,5079,2492,2601,5093,2489,2582,5071
    Conegliano,,16562,18401,34963,16561,18330,34891,16626,18373,34999,16689,18393,35082,16806,18425,35231
    Cordignano,,3438,3607,7045,3449,3571,7020,3461,3559,7020,3463,3561,7024,3420,3539,6959
    Cornuda,,3079,3209,6288,3066,3201,6267,3077,3187,6264,3086,3181,6267,3088,3197,6285
    Crespano del Grappa,,2156,2345,4501,2173,2347,4520,2186,2348,4534,2153,2358,4511,2182,2359,4541
    Crocetta del Montello,,2949,3100,6049,2956,3124,6080,2999,3094,6093,3001,3105,6106,3018,3080,6098
    Farra di Soligo,,4388,4626,9014,4344,4569,8913,4356,4525,8881,4324,4474,8798,4286,4418,8704
    Follina,,1892,2018,3910,1876,1997,3873,1872,1992,3864,1840,1974,3814,1819,1965,3784
    Fontanelle,,2886,2937,5823,2852,2922,5774,2846,2909,5755,2843,2901,5744,2837,2902,5739
    Fonte,,3007,2985,5992,2990,2933,5923,2972,2922,5894,2979,2937,5916,2951,2931,5882
    Fregona,,1491,1560,3051,1477,1536,3013,1464,1523,2987,1465,1505,2970,1444,1475,2919
    Gaiarine,,2963,3159,6122,2983,3127,6110,2978,3114,6092,2994,3076,6070,2988,3053,6041
    Giavera del Montello,,2583,2599,5182,2571,2571,5142,2560,2578,5138,2598,2602,5200,2621,2616,5237
    Godega di Sant'Urbano,,2979,3075,6054,2985,3077,6062,2985,3052,6037,3004,3030,6034,3013,3033,6046
    Gorgo al Monticano,,2119,2101,4220,2109,2081,4190,2079,2059,4138,2079,2063,4142,2085,2030,4115
    Istrana,,4808,4522,9330,4783,4516,9299,4730,4475,9205,4726,4471,9197,4730,4450,9180
    Loria,,4752,4511,9263,4774,4536,9310,4783,4571,9354,4802,4556,9358,4810,4553,9363
    Mansuè,,2564,2473,5037,2553,2455,5008,2565,2462,5027,2579,2491,5070,2590,2474,5064
    Mareno di Piave,,4798,4839,9637,4809,4852,9661,4783,4823,9606,4779,4834,9613,4782,4856,9638
    Maser,,2531,2579,5110,2510,2560,5070,2528,2560,5088,2546,2548,5094,2546,2572,5118
    Maserada sul Piave,,4665,4692,9357,4648,4732,9380,4647,4714,9361,4661,4713,9374,4622,4734,9356
    Meduna di Livenza,,1421,1488,2909,1379,1482,2861,1397,1493,2890,1413,1499,2912,1435,1529,2964
    Miane,,1642,1730,3372,1631,1698,3329,1616,1696,3312,1602,1678,3280,1601,1651,3252
    Mogliano Veneto,,13507,14213,27720,13472,14187,27659,13619,14232,27851,13678,14174,27852,13604,14164,27768
    Monastier di Treviso,,2098,2152,4250,2114,2162,4276,2133,2175,4308,2151,2201,4352,2176,2208,4384
    Monfumo,,703,700,1403,706,692,1398,702,684,1386,676,674,1350,667,657,1324
    Montebelluna,,15217,16115,31332,15169,16059,31228,15233,16091,31324,15219,16039,31258,15287,16093,31380
    Morgano,,2243,2238,4481,2243,2244,4487,2251,2240,4491,2246,2239,4485,2236,2225,4461
    Moriago della Battaglia,,1389,1360,2749,1402,1359,2761,1413,1387,2800,1403,1412,2815,1420,1416,2836
    Motta di Livenza,,5268,5527,10795,5267,5501,10768,5283,5482,10765,5322,5479,10801,5274,5501,10775
    Nervesa della Battaglia,,3375,3466,6841,3353,3436,6789,3314,3405,6719,3291,3384,6675,3273,3343,6616
    Oderzo,,9705,10708,20413,9668,10711,20379,9669,10731,20400,9735,10731,20466,10004,10655,20659
    Ormelle,,2218,2282,4500,2199,2279,4478,2201,2265,4466,2230,2256,4486,2259,2266,4525
    Orsago,,1922,1955,3877,1919,1954,3873,1914,1968,3882,1906,1971,3877,1899,1962,3861
    Paderno del Grappa,,1098,1098,2196,1091,1101,2192,1086,1095,2181,1103,1092,2195,1112,1093,2205
    Paese,,10931,11065,21996,10895,11073,21968,10871,11062,21933,10906,11086,21992,10948,11120,22068
    Pederobba,,3708,3778,7486,3684,3767,7451,3684,3719,7403,3662,3691,7353,3664,3689,7353
    Pieve di Soligo,,5979,6153,12132,5955,6151,12106,5940,6120,12060,5912,6145,12057,5918,6129,12047
    Ponte di Piave,,4273,4126,8399,4228,4114,8342,4231,4114,8345,4239,4113,8352,4215,4126,8341
    Ponzano Veneto,,6105,6390,12495,6124,6416,12540,6198,6516,12714,6245,6531,12776,6291,6591,12882
    Portobuffolè,,385,378,763,387,368,755,383,372,755,388,378,766,385,376,761
    Possagno,,1086,1086,2172,1088,1089,2177,1081,1079,2160,1091,1090,2181,1108,1116,2224
    Povegliano,,2628,2600,5228,2635,2616,5251,2613,2598,5211,2648,2595,5243,2626,2604,5230
    Preganziol,,8253,8645,16898,8184,8565,16749,8290,8618,16908,8287,8670,16957,8261,8630,16891
    Quinto di Treviso,,4823,5033,9856,4840,5004,9844,4850,5031,9881,4863,5049,9912,4905,5052,9957
    Refrontolo,,872,892,1764,860,887,1747,860,879,1739,858,874,1732,845,857,1702
    Resana,,4805,4712,9517,4787,4735,9522,4789,4701,9490,4803,4706,9509,4800,4722,9522
    Revine Lago,,1080,1146,2226,1076,1132,2208,1082,1116,2198,1074,1088,2162,1073,1077,2150
    Riese Pio X,,5512,5581,11093,5488,5579,11067,5504,5508,11012,5518,5510,11028,5505,5495,11000
    Roncade,,7042,7251,14293,7095,7274,14369,7141,7330,14471,7202,7359,14561,7219,7349,14568
    Salgareda,,3344,3350,6694,3348,3340,6688,3347,3327,6674,3340,3341,6681,3394,3340,6734
    San Biagio di Callalta,,6473,6559,13032,6442,6508,12950,6465,6499,12964,6499,6497,12996,6535,6511,13046
    San Fior,,3469,3524,6993,3454,3516,6970,3446,3516,6962,3432,3526,6958,3465,3510,6975
    San Pietro di Feletto,,2560,2774,5334,2558,2763,5321,2522,2729,5251,2522,2712,5234,2516,2703,5219
    San Polo di Piave,,2430,2430,4860,2436,2421,4857,2431,2429,4860,2482,2457,4939,2526,2444,4970
    San Vendemiano,,4987,5117,10104,4974,5080,10054,4958,5066,10024,4943,5015,9958,4930,5031,9961
    San Zenone degli Ezzelini,,3783,3628,7411,3775,3636,7411,3844,3658,7502,3820,3615,7435,3800,3592,7392
    Santa Lucia di Piave,,4568,4619,9187,4535,4616,9151,4571,4624,9195,4558,4602,9160,4570,4597,9167
    Sarmede,,1551,1570,3121,1546,1540,3086,1537,1517,3054,1548,1513,3061,1539,1520,3059
    Segusino,,939,962,1901,922,965,1887,933,955,1888,937,947,1884,940,937,1877
    Sernaglia della Battaglia,,3099,3145,6244,3060,3142,6202,3049,3163,6212,3048,3128,6176,3066,3125,6191
    Silea,,4882,5255,10137,4882,5285,10167,4900,5274,10174,4910,5253,10163,4938,5316,10254
    Spresiano,,5988,6173,12161,5983,6193,12176,6000,6209,12209,5951,6185,12136,6024,6199,12223
    Susegana,,5929,6022,11951,5862,5973,11835,5877,5981,11858,5882,5949,11831,5848,5932,11780
    Tarzo,,2138,2308,4446,2129,2270,4399,2117,2261,4378,2106,2240,4346,2097,2239,4336
    Trevignano,,5376,5400,10776,5370,5391,10761,5368,5398,10766,5372,5387,10759,5390,5426,10816
    Treviso,,39142,44510,83652,39285,44446,83731,39663,44287,83950,40467,44487,84954,40557,44442,84999
    Valdobbiadene,,5090,5437,10527,5020,5368,10388,5055,5354,10409,5031,5318,10349,4981,5290,10271
    Vazzola,,3497,3504,7001,3486,3483,6969,3481,3488,6969,3476,3496,6972,3474,3491,6965
    Vedelago,,8451,8380,16831,8469,8404,16873,8481,8384,16865,8422,8359,16781,8430,8373,16803
    Vidor,,1874,1924,3798,1859,1907,3766,1845,1897,3742,1813,1874,3687,1816,1878,3694
    Villorba,,8753,9256,18009,8797,9259,18056,8788,9196,17984,8704,9175,17879,8701,9198,17899
    Vittorio Veneto,,13418,14990,28408,13392,14840,28232,13542,14778,28320,13679,14710,28389,13561,14587,28148
    Volpago del Montello,,5012,5175,10187,4999,5152,10151,4992,5178,10170,5006,5193,10199,5035,5159,10194
    Zenson di Piave,,884,920,1804,883,922,1805,888,924,1812,891,939,1830,879,932,1811
    Zero Branco,,5622,5659,11281,5606,5655,11261,5625,5662,11287,5665,5664,11329,5697,5729,11426
  Venezia,,414708,443490,858198,413556,442140,855696,413281,440994,854275,413596,439956,853552,414085,439253,853338
    Annone Veneto,,1999,1999,3998,1965,1989,3954,1976,1982,3958,1957,1975,3932,1929,1920,3849
    Campagna Lupia,,3530,3638,7168,3516,3626,7142,3543,3663,7206,3551,3674,7225,3562,3692,7254
    Campolongo Maggiore,,5181,5297,10478,5229,5321,10550,5217,5324,10541,5288,5390,10678,5308,5372,10680
    Camponogara,,6484,6666,13150,6463,6691,13154,6486,6688,13174,6462,6655,13117,6477,6668,13145
    Caorle,,5669,6072,11741,5628,6044,11672,5635,6023,11658,5612,5994,11606,5570,5953,11523
    Cavallino-Treporti,,6618,6935,13553,6585,6916,13501,6645,6922,13567,6655,6908,13563,6616,6910,13526
    Cavarzere,,7000,7404,14404,6882,7311,14193,6811,7210,14021,6701,7090,13791,6652,6985,13637
    Ceggia,,3037,3186,6223,3016,3180,6196,2986,3159,6145,2985,3138,6123,2995,3115,6110
    Chioggia,,24680,25152,49832,24588,25118,49706,24635,25015,49650,24543,24887,49430,24415,24844,49259
    Cinto Caomaggiore,,1613,1669,3282,1593,1650,3243,1604,1643,3247,1583,1655,3238,1577,1655,3232
    Cona,,1468,1525,2993,1467,1518,2985,1466,1520,2986,1449,1490,2939,1543,1463,3006
    Concordia Sagittaria,,5048,5397,10445,5012,5374,10386,4980,5385,10365,4994,5379,10373,5006,5377,10383
    Dolo,,7277,7822,15099,7182,7706,14888,7207,7746,14953,7234,7788,15022,7289,7815,15104
    Eraclea,,6184,6310,12494,6127,6269,12396,6060,6262,12322,6047,6229,12276,6020,6186,12206
    Fiesso d'Artico,,4013,4062,8075,4028,4096,8124,4077,4145,8222,4137,4204,8341,4197,4240,8437
    Fossalta di Piave,,2005,2156,4161,1984,2130,4114,1993,2133,4126,2009,2154,4163,2017,2149,4166
    Fossalta di Portogruaro,,2932,3148,6080,2928,3126,6054,2928,3119,6047,3018,3172,6190,2997,3146,6143
    Fossò,,3392,3580,6972,3419,3589,7008,3428,3592,7020,3442,3599,7041,3460,3574,7034
    Gruaro,,1361,1455,2816,1353,1458,2811,1357,1451,2808,1347,1445,2792,1330,1435,2765
    Jesolo,,12581,13445,26026,12639,13483,26122,12825,13489,26314,12745,13454,26199,12886,13677,26563
    Marcon,,8601,8667,17268,8661,8719,17380,8674,8742,17416,8679,8768,17447,8712,8801,17513
    Martellago,,10478,11016,21494,10526,11002,21528,10465,11015,21480,10473,11029,21502,10526,11033,21559
    Meolo,,3250,3205,6455,3227,3200,6427,3211,3168,6379,3196,3149,6345,3196,3157,6353
    Mira,,18901,19878,38779,18790,19785,38575,18817,19684,38501,18856,19717,38573,18788,19633,38421
    Mirano,,13065,13990,27055,13034,14011,27045,13075,14030,27105,13141,14028,27169,13229,14121,27350
    Musile di Piave,,5814,5807,11621,5741,5781,11522,5691,5752,11443,5688,5773,11461,5689,5816,11505
    Noale,,7717,8248,15965,7699,8270,15969,7737,8294,16031,7740,8277,16017,7777,8324,16101
    Noventa di Piave,,3420,3565,6985,3416,3569,6985,3402,3572,6974,3407,3559,6966,3408,3562,6970
    Pianiga,,6075,6177,12252,6098,6182,12280,6105,6230,12335,6117,6246,12363,6135,6234,12369
    Portogruaro,,12018,13201,25219,11955,13187,25142,11962,13154,25116,11912,13047,24959,11948,12961,24909
    Pramaggiore,,2343,2341,4684,2328,2326,4654,2288,2308,4596,2325,2319,4644,2331,2333,4664
    Quarto d'Altino,,4035,4257,8292,3969,4231,8200,3929,4200,8129,3919,4175,8094,3956,4208,8164
    Salzano,,6291,6487,12778,6313,6464,12777,6358,6477,12835,6382,6529,12911,6430,6570,13000
    San Donà di Piave,,20027,21788,41815,20015,21763,41778,20092,21791,41883,20075,21719,41794,20098,21745,41843
    San Michele al Tagliamento,,5755,6238,11993,5735,6195,11930,5717,6171,11888,5698,6124,11822,5734,6129,11863
    Santa Maria di Sala,,8804,8828,17632,8779,8823,17602,8828,8811,17639,8890,8884,17774,8808,8789,17597
    Santo Stino di Livenza,,6341,6614,12955,6350,6578,12928,6328,6535,12863,6330,6525,12855,6398,6530,12928
    Scorzè,,9321,9567,18888,9315,9548,18863,9299,9539,18838,9339,9509,18848,9402,9559,18961
    Spinea,,13335,14459,27794,13377,14550,27927,13333,14510,27843,13365,14544,27909,13402,14582,27984
    Stra,,3717,3963,7680,3696,3931,7627,3681,3949,7630,3710,3925,7635,3714,3958,7672
    Teglio Veneto,,1145,1144,2289,1142,1143,2285,1150,1165,2315,1165,1171,2336,1145,1146,2291
    Torre di Mosto,,2334,2401,4735,2337,2412,4749,2347,2438,4785,2344,2426,4770,2364,2412,4776
    Venezia,,124851,139728,264579,124474,138878,263352,123947,137958,261905,124110,137211,261321,124088,136432,260520
    Vigonovo,,4998,5003,10001,4975,4997,9972,4986,5030,10016,4976,5022,9998,4961,5042,10003
  Padova,,456229,482067,938296,455528,481359,936887,455386,480888,936274,455977,480763,936740,457404,480504,937908
    Abano Terme,,9415,10551,19966,9430,10520,19950,9468,10534,20002,9488,10613,20101,9576,10689,20265
    Agna,,1684,1698,3382,1673,1695,3368,1648,1677,3325,1618,1659,3277,1590,1640,3230
    Albignasego,,12271,13094,25365,12381,13196,25577,12501,13368,25869,12604,13467,26071,12708,13570,26278
    Anguillara Veneta,,2184,2311,4495,2168,2283,4451,2131,2270,4401,2110,2215,4325,2105,2184,4289
    Arquà Petrarca,,921,935,1856,937,937,1874,939,929,1868,925,912,1837,925,900,1825
    Arre,,1082,1086,2168,1069,1083,2152,1064,1082,2146,1062,1081,2143,1069,1058,2127
    Arzergrande,,2349,2416,4765,2359,2408,4767,2376,2414,4790,2408,2426,4834,2406,2405,4811
    Bagnoli di Sopra,,1783,1844,3627,1776,1842,3618,1784,1841,3625,1785,1827,3612,1750,1788,3538
    Baone,,1592,1559,3151,1568,1542,3110,1590,1536,3126,1553,1527,3080,1541,1519,3060
    Barbona,,340,333,673,332,339,671,326,332,658,319,329,648,316,312,628
    Battaglia Terme,,1885,2043,3928,1866,2015,3881,1865,2007,3872,1850,1988,3838,1902,1983,3885
    Boara Pisani,,1298,1299,2597,1273,1282,2555,1246,1274,2520,1228,1265,2493,1217,1231,2448
    Borgoricco,,4356,4347,8703,4399,4356,8755,4399,4366,8765,4411,4363,8774,4456,4380,8836
    Bovolenta,,1764,1728,3492,1749,1733,3482,1724,1728,3452,1734,1737,3471,1737,1734,3471
    Brugine,,3449,3545,6994,3476,3558,7034,3490,3568,7058,3523,3593,7116,3521,3593,7114
    Cadoneghe,,7895,8369,16264,7856,8350,16206,7846,8353,16199,7814,8362,16176,7836,8351,16187
    Campo San Martino,,2909,2863,5772,2902,2850,5752,2893,2882,5775,2878,2875,5753,2870,2877,5747
    Campodarsego,,7197,7411,14608,7215,7453,14668,7199,7439,14638,7197,7478,14675,7289,7520,14809
    Campodoro,,1369,1335,2704,1351,1334,2685,1334,1335,2669,1322,1330,2652,1338,1337,2675
    Camposampiero,,6021,6173,12194,5999,6135,12134,5939,6117,12056,5955,6088,12043,5951,6066,12017
    Candiana,,1199,1224,2423,1185,1208,2393,1180,1197,2377,1143,1170,2313,1135,1150,2285
    Carceri,,796,792,1588,795,785,1580,777,782,1559,769,780,1549,759,771,1530
    Carmignano di Brenta,,3797,3854,7651,3788,3833,7621,3801,3813,7614,3780,3796,7576,3788,3813,7601
    Cartura,,2304,2362,4666,2301,2364,4665,2265,2372,4637,2290,2390,4680,2278,2373,4651
    Casale di Scodosia,,2431,2442,4873,2421,2438,4859,2417,2430,4847,2420,2427,4847,2422,2424,4846
    Casalserugo,,2630,2807,5437,2593,2755,5348,2598,2763,5361,2598,2762,5360,2625,2767,5392
    Castelbaldo,,755,817,1572,742,807,1549,739,789,1528,734,778,1512,728,773,1501
    Cervarese Santa Croce,,2840,2850,5690,2871,2876,5747,2877,2893,5770,2889,2890,5779,2856,2852,5708
    Cinto Euganeo,,1000,1010,2010,1009,1016,2025,984,995,1979,987,986,1973,990,972,1962
    Cittadella,,9784,10368,20152,9777,10378,20155,9806,10351,20157,9810,10335,20145,9840,10321,20161
    Codevigo,,3299,3183,6482,3294,3146,6440,3290,3185,6475,3278,3185,6463,3287,3172,6459
    Conselve,,4992,5327,10319,4989,5313,10302,4984,5288,10272,4952,5272,10224,4968,5290,10258
    Correzzola,,2671,2701,5372,2641,2657,5298,2651,2612,5263,2615,2579,5194,2598,2555,5153
    Curtarolo,,3605,3696,7301,3629,3696,7325,3613,3689,7302,3626,3691,7317,3605,3637,7242
    Due Carrare,,4546,4519,9065,4535,4515,9050,4544,4505,9049,4516,4510,9026,4544,4513,9057
    Este,,7882,8699,16581,7852,8710,16562,7825,8636,16461,7785,8579,16364,7730,8550,16280
    Fontaniva,,4099,4147,8246,4049,4121,8170,4010,4077,8087,4006,4055,8061,3983,4028,8011
    Galliera Veneta,,3474,3631,7105,3501,3645,7146,3508,3639,7147,3499,3634,7133,3501,3640,7141
    Galzignano Terme,,2216,2210,4426,2194,2177,4371,2178,2151,4329,2166,2155,4321,2167,2149,4316
    Gazzo,,2190,2157,4347,2170,2137,4307,2163,2142,4305,2155,2139,4294,2138,2151,4289
    Grantorto,,2383,2338,4721,2345,2321,4666,2342,2304,4646,2321,2270,4591,2314,2281,4595
    Granze,,985,1070,2055,985,1056,2041,985,1048,2033,988,1044,2032,980,1039,2019
    Legnaro,,4346,4387,8733,4369,4428,8797,4396,4433,8829,4458,4490,8948,4501,4513,9014
    Limena,,3912,3962,7874,3942,4010,7952,3918,3972,7890,3925,4000,7925,3958,4024,7982
    Loreggia,,3860,3750,7610,3836,3762,7598,3829,3754,7583,3888,3820,7708,3912,3831,7743
    Lozzo Atestino,,1586,1581,3167,1577,1581,3158,1579,1571,3150,1554,1541,3095,1538,1526,3064
    Maserà di Padova,,4518,4574,9092,4494,4587,9081,4514,4588,9102,4538,4589,9127,4536,4594,9130
    Masi,,880,941,1821,871,934,1805,849,916,1765,856,925,1781,854,910,1764
    Massanzago,,3065,2964,6029,3060,2985,6045,3070,2997,6067,3059,2980,6039,3077,3004,6081
    Megliadino San Fidenzio,,953,989,1942,955,984,1939,964,970,1934,970,958,1928,..,..,..
    Megliadino San Vitale,,983,1025,2008,953,1006,1959,947,990,1937,922,949,1871,917,943,1860
    Merlara,,1324,1424,2748,1295,1396,2691,1290,1383,2673,1298,1346,2644,1273,1339,2612
    Mestrino,,5583,5860,11443,5571,5860,11431,5577,5848,11425,5627,5875,11502,5670,5898,11568
    Monselice,,8504,9171,17675,8469,9130,17599,8470,9146,17616,8490,9082,17572,8468,9033,17501
    Montagnana,,4479,4797,9276,4472,4742,9214,4429,4691,9120,4378,4648,9026,4360,4664,9024
    Montegrotto Terme,,5429,5830,11259,5451,5880,11331,5488,5882,11370,5546,5902,11448,5580,5993,11573
    Noventa Padovana,,5542,5715,11257,5537,5728,11265,5570,5813,11383,5597,5826,11423,5650,5827,11477
    Ospedaletto Euganeo,,2864,2968,5832,2834,2904,5738,2818,2877,5695,2795,2856,5651,2787,2842,5629
    Padova,,99110,112100,211210,98760,111641,210401,98604,111225,209829,99060,111380,210440,99747,111165,210912
    Pernumia,,1901,1964,3865,1918,1974,3892,1927,1931,3858,1928,1924,3852,1921,1911,3832
    Piacenza d'Adige,,681,663,1344,674,667,1341,649,654,1303,639,654,1293,629,647,1276
    Piazzola sul Brenta,,5500,5765,11265,5495,5756,11251,5495,5749,11244,5470,5719,11189,5452,5671,11123
    Piombino Dese,,4811,4742,9553,4811,4723,9534,4833,4725,9558,4832,4707,9539,4842,4728,9570
    Piove di Sacco,,9555,10242,19797,9516,10202,19718,9550,10300,19850,9575,10327,19902,9689,10397,20086
    Polverara,,1594,1665,3259,1604,1671,3275,1616,1703,3319,1638,1696,3334,1624,1690,3314
    Ponso,,1269,1208,2477,1262,1209,2471,1262,1197,2459,1249,1196,2445,1228,1169,2397
    Ponte San Nicolò,,6549,6937,13486,6535,6994,13529,6532,7011,13543,6510,6998,13508,6513,6989,13502
    Pontelongo,,1919,1949,3868,1899,1920,3819,1872,1890,3762,1858,1883,3741,1833,1859,3692
    Pozzonovo,,1772,1856,3628,1753,1834,3587,1739,1827,3566,1749,1822,3571,1737,1795,3532
    Rovolon,,2484,2446,4930,2510,2460,4970,2518,2460,4978,2502,2448,4950,2513,2440,4953
    Rubano,,7788,8332,16120,7822,8351,16173,7862,8421,16283,7980,8468,16448,8024,8520,16544
    Saccolongo,,2452,2507,4959,2439,2501,4940,2422,2500,4922,2450,2495,4945,2431,2447,4878
    Saletto,,1362,1405,2767,1346,1403,2749,1375,1408,2783,1377,1433,2810,..,..,..
    San Giorgio delle Pertiche,,5110,5115,10225,5098,5116,10214,5064,5107,10171,5021,5054,10075,5071,5103,10174
    San Giorgio in Bosco,,3119,3162,6281,3128,3135,6263,3140,3150,6290,3189,3157,6346,3192,3165,6357
    San Martino di Lupari,,6557,6648,13205,6544,6633,13177,6529,6635,13164,6499,6605,13104,6505,6608,13113
    San Pietro in Gu,,2203,2320,4523,2203,2320,4523,2198,2299,4497,2162,2273,4435,2181,2277,4458
    San Pietro Viminario,,1532,1508,3040,1529,1510,3039,1516,1515,3031,1518,1514,3032,1522,1506,3028
    Santa Giustina in Colle,,3601,3631,7232,3589,3630,7219,3579,3633,7212,3618,3651,7269,3631,3659,7290
    Santa Margherita d'Adige,,1121,1195,2316,1108,1188,2296,1086,1193,2279,1087,1175,2262,..,..,..
    Sant'Angelo di Piove di Sacco,,3567,3678,7245,3577,3679,7256,3567,3638,7205,3542,3628,7170,3568,3668,7236
    Sant'Elena,,1200,1258,2458,1201,1267,2468,1207,1253,2460,1236,1264,2500,1244,1291,2535
    Sant'Urbano,,1030,1085,2115,999,1065,2064,989,1061,2050,971,1037,2008,966,1004,1970
    Saonara,,5078,5186,10264,5089,5222,10311,5117,5289,10406,5135,5287,10422,5149,5294,10443
    Selvazzano Dentro,,11048,11818,22866,11073,11813,22886,11082,11864,22946,11077,11826,22903,11119,11845,22964
    Solesino,,3474,3611,7085,3475,3597,7072,3444,3583,7027,3455,3570,7025,3436,3559,6995
    Stanghella,,2059,2154,4213,2061,2136,4197,2046,2113,4159,2035,2121,4156,2011,2107,4118
    Teolo,,4387,4647,9034,4368,4697,9065,4393,4651,9044,4396,4618,9014,4432,4621,9053
    Terrassa Padovana,,1368,1324,2692,1364,1322,2686,1369,1316,2685,1343,1294,2637,1335,1305,2640
    Tombolo,,4125,4247,8372,4119,4233,8352,4126,4255,8381,4137,4253,8390,4142,4250,8392
    Torreglia,,3036,3117,6153,3040,3122,6162,3038,3128,6166,3022,3097,6119,3045,3095,6140
    Trebaseleghe,,6389,6418,12807,6419,6421,12840,6462,6465,12927,6445,6471,12916,6476,6497,12973
    Tribano,,2230,2210,4440,2223,2204,4427,2221,2164,4385,2213,2163,4376,2204,2139,4343
    Urbana,,1055,1113,2168,1048,1097,2145,1049,1097,2146,1045,1093,2138,1028,1060,2088
    Veggiano,,2344,2319,4663,2365,2329,4694,2382,2337,4719,2398,2367,4765,2389,2379,4768
    Vescovana,,896,906,1802,905,916,1821,904,921,1825,899,911,1810,889,902,1791
    Vighizzolo d'Este,,474,451,925,470,454,924,456,444,900,459,439,898,476,445,921
    Vigodarzere,,6382,6619,13001,6382,6632,13014,6384,6672,13056,6356,6661,13017,6423,6634,13057
    Vigonza,,11034,11648,22682,11076,11672,22748,11132,11721,22853,11187,11771,22958,11216,11819,23035
    Villa del Conte,,2827,2744,5571,2799,2722,5521,2811,2738,5549,2801,2721,5522,2828,2754,5582
    Villa Estense,,1118,1125,2243,1113,1099,2212,1126,1085,2211,1121,1104,2225,1105,1092,2197
    Villafranca Padovana,,4985,5106,10091,5036,5181,10217,5060,5186,10246,5134,5324,10458,5123,5356,10479
    Villanova di Camposampiero,,3001,3110,6111,3010,3129,6139,3007,3114,6121,3011,3110,6121,3030,3106,6136
    Vo',,1662,1731,3393,1642,1730,3372,1639,1716,3355,1636,1705,3341,1620,1684,3304
  Rovigo,,117659,124874,242533,116648,123892,240540,115637,122951,238588,114664,121736,236400,114178,120759,234937
    Adria,,9564,10398,19962,9453,10293,19746,9375,10229,19604,9314,10122,19436,9345,10002,19347
    Ariano nel Polesine,,2125,2244,4369,2103,2225,4328,2071,2199,4270,2044,2197,4241,2023,2179,4202
    Arquà Polesine,,1356,1429,2785,1339,1410,2749,1320,1371,2691,1301,1348,2649,1304,1350,2654
    Badia Polesine,,5152,5484,10636,5085,5424,10509,5075,5367,10442,5013,5335,10348,4980,5283,10263
    Bagnolo di Po,,662,670,1332,647,646,1293,631,643,1274,616,609,1225,601,603,1204
    Bergantino,,1242,1330,2572,1231,1334,2565,1219,1317,2536,1209,1314,2523,1223,1303,2526
    Bosaro,,731,785,1516,725,766,1491,710,757,1467,728,758,1486,722,761,1483
    Calto,,376,388,764,365,378,743,361,375,736,355,371,726,346,362,708
    Canaro,,1335,1450,2785,1348,1458,2806,1339,1422,2761,1304,1390,2694,1306,1394,2700
    Canda,,491,478,969,479,470,949,463,460,923,451,444,895,454,447,901
    Castelguglielmo,,838,807,1645,801,779,1580,806,762,1568,803,762,1565,784,755,1539
    Castelmassa,,2053,2234,4287,2026,2226,4252,1965,2194,4159,1926,2176,4102,1927,2152,4079
    Castelnovo Bariano,,1397,1438,2835,1352,1410,2762,1338,1401,2739,1333,1377,2710,1321,1368,2689
    Ceneselli,,868,876,1744,855,864,1719,832,851,1683,812,824,1636,801,811,1612
    Ceregnano,,1782,1901,3683,1753,1882,3635,1726,1864,3590,1706,1846,3552,1704,1829,3533
    Corbola,,1180,1281,2461,1164,1264,2428,1137,1252,2389,1127,1245,2372,1112,1229,2341
    Costa di Rovigo,,1275,1384,2659,1261,1381,2642,1230,1364,2594,1202,1354,2556,1182,1314,2496
    Crespino,,914,996,1910,898,967,1865,894,977,1871,876,974,1850,845,938,1783
    Ficarolo,,1208,1285,2493,1175,1263,2438,1175,1246,2421,1177,1230,2407,1163,1193,2356
    Fiesso Umbertiano,,2032,2160,4192,2018,2124,4142,1984,2101,4085,1943,2036,3979,1932,2029,3961
    Frassinelle Polesine,,721,748,1469,708,734,1442,696,727,1423,679,710,1389,725,693,1418
    Fratta Polesine,,1253,1446,2699,1249,1445,2694,1243,1434,2677,1218,1397,2615,1201,1378,2579
    Gaiba,,506,564,1070,506,557,1063,505,544,1049,500,537,1037,480,512,992
    Gavello,,789,778,1567,764,775,1539,760,782,1542,764,774,1538,756,759,1515
    Giacciano con Baruchella,,1087,1084,2171,1082,1080,2162,1081,1074,2155,1076,1044,2120,1060,1033,2093
    Guarda Veneta,,575,607,1182,554,599,1153,548,594,1142,543,582,1125,540,585,1125
    Lendinara,,5769,6194,11963,5749,6124,11873,5725,6077,11802,5682,6012,11694,5644,5990,11634
    Loreo,,1740,1826,3566,1724,1815,3539,1678,1783,3461,1686,1773,3459,1704,1754,3458
    Lusia,,1721,1809,3530,1718,1815,3533,1708,1769,3477,1692,1737,3429,1703,1734,3437
    Melara,,878,940,1818,871,932,1803,866,933,1799,845,917,1762,839,902,1741
    Occhiobello,,5830,6085,11915,5862,6117,11979,5837,6121,11958,5841,6152,11993,5841,6160,12001
    Papozze,,738,820,1558,735,785,1520,715,771,1486,701,754,1455,695,738,1433
    Pettorazza Grimani,,821,786,1607,824,793,1617,817,777,1594,798,761,1559,794,746,1540
    Pincara,,596,607,1203,571,594,1165,557,582,1139,566,586,1152,565,581,1146
    Polesella,,2011,2064,4075,1986,2026,4012,1954,2008,3962,1923,1983,3906,1923,1969,3892
    Pontecchio Polesine,,1112,1097,2209,1119,1104,2223,1120,1093,2213,1128,1090,2218,1128,1087,2215
    Porto Tolle,,4910,5010,9920,4859,4967,9826,4818,4933,9751,4760,4903,9663,4694,4852,9546
    Porto Viro,,7062,7529,14591,7026,7468,14494,6956,7449,14405,6928,7370,14298,6897,7320,14217
    Rosolina,,3253,3215,6468,3248,3235,6483,3246,3235,6481,3239,3217,6456,3192,3191,6383
    Rovigo,,24857,27313,52170,24714,27153,51867,24607,27018,51625,24368,26781,51149,24403,26701,51104
    Salara,,560,628,1188,548,612,1160,541,603,1144,544,604,1148,530,587,1117
    San Bellino,,574,579,1153,561,557,1118,553,557,1110,545,542,1087,548,534,1082
    San Martino di Venezze,,1964,2030,3994,1933,2027,3960,1907,2013,3920,1893,1985,3878,1877,1994,3871
    Stienta,,1621,1684,3305,1597,1656,3253,1593,1646,3239,1593,1628,3221,1578,1613,3191
    Taglio di Po,,4127,4224,8351,4134,4222,8356,4126,4212,8338,4102,4169,8271,4055,4140,8195
    Trecenta,,1359,1451,2810,1354,1451,2805,1322,1419,2741,1307,1404,2711,1270,1373,2643
    Villadose,,2544,2619,5163,2499,2600,5099,2460,2581,5041,2449,2565,5014,2423,2509,4932
    Villamarzana,,590,601,1191,594,602,1196,595,596,1191,588,586,1174,588,580,1168
    Villanova del Ghebbo,,1031,1033,2064,1014,1008,2022,989,994,1983,1004,1004,2008,995,988,1983
    Villanova Marchesana,,479,485,964,467,475,942,463,474,937,462,457,919,455,454,909
Dati estratti il 02 apr 2020 23:36 UTC (GMT) da I.Stat,,,,,,,,,,,,,,,,
Legend:,,,,,,,,,,,,,,,,
p:,dato provvisorio,,,,,,,,,,,,,,,
